customer_id,customer_name
CUST-0001,Tariq Rahman
CUST-0002,Tariq Islam
CUST-0003,Tariq Uddin
CUST-0004,Tariq Ahmed
CUST-0005,Tariq Ali
CUST-0006,Shafiq Rahman
CUST-0007,Shafiq Islam
CUST-0008,Shafiq Uddin
CUST-0009,Shafiq Ahmed
CUST-0010,Shafiq Ali
CUST-0011,Rafiq Rahman
CUST-0012,Rafiq Islam
CUST-0013,Rafiq Uddin
CUST-0014,Rafiq Ahmed
CUST-0015,Rafiq Ali
CUST-0016,Arif Rahman
CUST-0017,Arif Islam
CUST-0018,Arif Uddin
CUST-0019,Arif Ahmed
CUST-0020,Arif Ali
CUST-0021,Asif Rahman
CUST-0022,Asif Islam
CUST-0023,Asif Uddin
CUST-0024,Asif Ahmed
CUST-0025,Asif Ali
CUST-0026,Rakib Rahman
CUST-0027,Rakib Islam
CUST-0028,Rakib Uddin
CUST-0029,Rakib Ahmed
CUST-0030,Rakib Ali
CUST-0031,Sakib Rahman
CUST-0032,Sakib Islam
CUST-0033,Sakib Uddin
CUST-0034,Sakib Ahmed
CUST-0035,Sakib Ali
CUST-0036,Tamim Rahman
CUST-0037,Tamim Islam
CUST-0038,Tamim Uddin
CUST-0039,Tamim Ahmed
CUST-0040,Tamim Ali
CUST-0041,Naim Rahman
CUST-0042,Naim Islam
CUST-0043,Naim Uddin
CUST-0044,Naim Ahmed
CUST-0045,Naim Ali
CUST-0046,Fahim Rahman
CUST-0047,Fahim Islam
CUST-0048,Fahim Uddin
CUST-0049,Fahim Ahmed
CUST-0050,Fahim Ali
CUST-0051,Farhan Rahman
CUST-0052,Farhan Islam
CUST-0053,Farhan Uddin
CUST-0054,Farhan Ahmed
CUST-0055,Farhan Ali
CUST-0056,Rayhan Rahman
CUST-0057,Rayhan Islam
CUST-0058,Rayhan Uddin
CUST-0059,Rayhan Ahmed
CUST-0060,Rayhan Ali
CUST-0061,Imtiaz Rahman
CUST-0062,Imtiaz Islam
CUST-0063,Imtiaz Uddin
CUST-0064,Imtiaz Ahmed
CUST-0065,Imtiaz Ali
CUST-0066,Imran Rahman
CUST-0067,Imran Islam
CUST-0068,Imran Uddin
CUST-0069,Imran Ahmed
CUST-0070,Imran Ali
CUST-0071,Mehedi Rahman
CUST-0072,Mehedi Islam
CUST-0073,Mehedi Uddin
CUST-0074,Mehedi Ahmed
CUST-0075,Mehedi Ali
CUST-0076,Sohel Rahman
CUST-0077,Sohel Islam
CUST-0078,Sohel Uddin
CUST-0079,Sohel Ahmed
CUST-0080,Sohel Ali
CUST-0081,Rubel Rahman
CUST-0082,Rubel Islam
CUST-0083,Rubel Uddin
CUST-0084,Rubel Ahmed
CUST-0085,Rubel Ali
CUST-0086,Jewel Rahman
CUST-0087,Jewel Islam
CUST-0088,Jewel Uddin
CUST-0089,Jewel Ahmed
CUST-0090,Jewel Ali
CUST-0091,Masud Rahman
CUST-0092,Masud Islam
CUST-0093,Masud Uddin
CUST-0094,Masud Ahmed
CUST-0095,Masud Ali
CUST-0096,Mamun Rahman
CUST-0097,Mamun Islam
CUST-0098,Mamun Uddin
CUST-0099,Mamun Ahmed
CUST-0100,Mamun Ali
CUST-0101,Hasan Rahman
CUST-0102,Hasan Islam
CUST-0103,Hasan Uddin
CUST-0104,Hasan Ahmed
CUST-0105,Hasan Ali
CUST-0106,Kamrul Rahman
CUST-0107,Kamrul Islam
CUST-0108,Kamrul Uddin
CUST-0109,Kamrul Ahmed
CUST-0110,Kamrul Ali
CUST-0111,Nazmul Rahman
CUST-0112,Nazmul Islam
CUST-0113,Nazmul Uddin
CUST-0114,Nazmul Ahmed
CUST-0115,Nazmul Ali
CUST-0116,Aminul Rahman
CUST-0117,Aminul Islam
CUST-0118,Aminul Uddin
CUST-0119,Aminul Ahmed
CUST-0120,Aminul Ali
CUST-0121,Ashraful Rahman
CUST-0122,Ashraful Islam
CUST-0123,Ashraful Uddin
CUST-0124,Ashraful Ahmed
CUST-0125,Ashraful Ali
CUST-0126,Saiful Rahman
CUST-0127,Saiful Islam
CUST-0128,Saiful Uddin
CUST-0129,Saiful Ahmed
CUST-0130,Saiful Ali
CUST-0131,Anwar Rahman
CUST-0132,Anwar Islam
CUST-0133,Anwar Uddin
CUST-0134,Anwar Ahmed
CUST-0135,Anwar Ali
CUST-0136,Jamal Rahman
CUST-0137,Jamal Islam
CUST-0138,Jamal Uddin
CUST-0139,Jamal Ahmed
CUST-0140,Jamal Ali
CUST-0141,Kamal Rahman
CUST-0142,Kamal Islam
CUST-0143,Kamal Uddin
CUST-0144,Kamal Ahmed
CUST-0145,Kamal Ali
CUST-0146,Rahim Rahman
CUST-0147,Rahim Islam
CUST-0148,Rahim Uddin
CUST-0149,Rahim Ahmed
CUST-0150,Rahim Ali
CUST-0151,Karim Rahman
CUST-0152,Karim Islam
CUST-0153,Karim Uddin
CUST-0154,Karim Ahmed
CUST-0155,Karim Ali
CUST-0156,Selim Rahman
CUST-0157,Selim Islam
CUST-0158,Selim Uddin
CUST-0159,Selim Ahmed
CUST-0160,Selim Ali
CUST-0161,Jashim Rahman
CUST-0162,Jashim Islam
CUST-0163,Jashim Uddin
CUST-0164,Jashim Ahmed
CUST-0165,Jashim Ali
CUST-0166,Farid Rahman
CUST-0167,Farid Islam
CUST-0168,Farid Uddin
CUST-0169,Farid Ahmed
CUST-0170,Farid Ali
CUST-0171,Hamid Rahman
CUST-0172,Hamid Islam
CUST-0173,Hamid Uddin
CUST-0174,Hamid Ahmed
CUST-0175,Hamid Ali
CUST-0176,Mahbub Rahman
CUST-0177,Mahbub Islam
CUST-0178,Mahbub Uddin
CUST-0179,Mahbub Ahmed
CUST-0180,Mahbub Ali
CUST-0181,Shahin Rahman
CUST-0182,Shahin Islam
CUST-0183,Shahin Uddin
CUST-0184,Shahin Ahmed
CUST-0185,Shahin Ali
CUST-0186,Alamgir Rahman
CUST-0187,Alamgir Islam
CUST-0188,Alamgir Uddin
CUST-0189,Alamgir Ahmed
CUST-0190,Alamgir Ali
CUST-0191,Jahangir Rahman
CUST-0192,Jahangir Islam
CUST-0193,Jahangir Uddin
CUST-0194,Jahangir Ahmed
CUST-0195,Jahangir Ali
CUST-0196,Tofazzal Rahman
CUST-0197,Tofazzal Islam
CUST-0198,Tofazzal Uddin
CUST-0199,Tofazzal Ahmed
CUST-0200,Tofazzal Ali
CUST-0201,Mofizur Rahman
CUST-0202,Mofizur Islam
CUST-0203,Mofizur Uddin
CUST-0204,Mofizur Ahmed
CUST-0205,Mofizur Ali
CUST-0206,Habibur Rahman
CUST-0207,Habibur Islam
CUST-0208,Habibur Uddin
CUST-0209,Habibur Ahmed
CUST-0210,Habibur Ali
CUST-0211,Anisur Rahman
CUST-0212,Anisur Islam
CUST-0213,Anisur Uddin
CUST-0214,Anisur Ahmed
CUST-0215,Anisur Ali
CUST-0216,Mizanur Rahman
CUST-0217,Mizanur Islam
CUST-0218,Mizanur Uddin
CUST-0219,Mizanur Ahmed
CUST-0220,Mizanur Ali
CUST-0221,Lutfur Rahman
CUST-0222,Lutfur Islam
CUST-0223,Lutfur Uddin
CUST-0224,Lutfur Ahmed
CUST-0225,Lutfur Ali
CUST-0226,Atiqur Rahman
CUST-0227,Atiqur Islam
CUST-0228,Atiqur Uddin
CUST-0229,Atiqur Ahmed
CUST-0230,Atiqur Ali
CUST-0231,Ashiqur Rahman
CUST-0232,Ashiqur Islam
CUST-0233,Ashiqur Uddin
CUST-0234,Ashiqur Ahmed
CUST-0235,Ashiqur Ali
CUST-0236,Mostafa Rahman
CUST-0237,Mostafa Islam
CUST-0238,Mostafa Uddin
CUST-0239,Mostafa Ahmed
CUST-0240,Mostafa Ali
CUST-0241,Monir Rahman
CUST-0242,Monir Islam
CUST-0243,Monir Uddin
CUST-0244,Monir Ahmed
CUST-0245,Monir Ali
CUST-0246,Tushar Rahman
CUST-0247,Tushar Islam
CUST-0248,Tushar Uddin
CUST-0249,Tushar Ahmed
CUST-0250,Tushar Ali
CUST-0251,Miraj Uddin Chowdhury
CUST-0252,Tasnimul Intazam Asif
CUST-0253,Bishwaprotap Ray
CUST-0254,Tanvir Ahammed Rasel
CUST-0255,Emdadul Haque
CUST-0256,Nusrat Akter
CUST-0257,Nusrat Begum
CUST-0258,Nusrat Khatun
CUST-0259,Nusrat Jahan
CUST-0260,Nusrat Chowdhury
CUST-0261,Sadia Akter
CUST-0262,Sadia Begum
CUST-0263,Sadia Khatun
CUST-0264,Sadia Jahan
CUST-0265,Sadia Chowdhury
CUST-0266,Farhana Akter
CUST-0267,Farhana Begum
CUST-0268,Farhana Khatun
CUST-0269,Farhana Jahan
CUST-0270,Farhana Chowdhury
CUST-0271,Ayesha Akter
CUST-0272,Ayesha Begum
CUST-0273,Ayesha Khatun
CUST-0274,Ayesha Jahan
CUST-0275,Ayesha Chowdhury
CUST-0276,Fatema Akter
CUST-0277,Fatema Begum
CUST-0278,Fatema Khatun
CUST-0279,Fatema Jahan
CUST-0280,Fatema Chowdhury
CUST-0281,Sumaiya Akter
CUST-0282,Sumaiya Begum
CUST-0283,Sumaiya Khatun
CUST-0284,Sumaiya Jahan
CUST-0285,Sumaiya Chowdhury
CUST-0286,Juthi Akter
CUST-0287,Juthi Begum
CUST-0288,Juthi Khatun
CUST-0289,Juthi Jahan
CUST-0290,Juthi Chowdhury
CUST-0291,Rumi Akter
CUST-0292,Rumi Begum
CUST-0293,Rumi Khatun
CUST-0294,Rumi Jahan
CUST-0295,Rumi Chowdhury
CUST-0296,Nipa Akter
CUST-0297,Nipa Begum
CUST-0298,Nipa Khatun
CUST-0299,Nipa Jahan
CUST-0300,Nipa Chowdhury
CUST-0301,Lipi Akter
CUST-0302,Lipi Begum
CUST-0303,Lipi Khatun
CUST-0304,Lipi Jahan
CUST-0305,Lipi Chowdhury
CUST-0306,Shimu Akter
CUST-0307,Shimu Begum
CUST-0308,Shimu Khatun
CUST-0309,Shimu Jahan
CUST-0310,Shimu Chowdhury
CUST-0311,Rima Akter
CUST-0312,Rima Begum
CUST-0313,Rima Khatun
CUST-0314,Rima Jahan
CUST-0315,Rima Chowdhury
CUST-0316,Lima Akter
CUST-0317,Lima Begum
CUST-0318,Lima Khatun
CUST-0319,Lima Jahan
CUST-0320,Lima Chowdhury
CUST-0321,Bristi Akter
CUST-0322,Bristi Begum
CUST-0323,Bristi Khatun
CUST-0324,Bristi Jahan
CUST-0325,Bristi Chowdhury
CUST-0326,Bonna Akter
CUST-0327,Bonna Begum
CUST-0328,Bonna Khatun
CUST-0329,Bonna Jahan
CUST-0330,Bonna Chowdhury
CUST-0331,Nodi Akter
CUST-0332,Nodi Begum
CUST-0333,Nodi Khatun
CUST-0334,Nodi Jahan
CUST-0335,Nodi Chowdhury
CUST-0336,Tara Akter
CUST-0337,Tara Begum
CUST-0338,Tara Khatun
CUST-0339,Tara Jahan
CUST-0340,Tara Chowdhury
CUST-0341,Purnima Akter
CUST-0342,Purnima Begum
CUST-0343,Purnima Khatun
CUST-0344,Purnima Jahan
CUST-0345,Purnima Chowdhury
CUST-0346,Chadni Akter
CUST-0347,Chadni Begum
CUST-0348,Chadni Khatun
CUST-0349,Chadni Jahan
CUST-0350,Chadni Chowdhury
CUST-0351,Ritu Akter
CUST-0352,Ritu Begum
CUST-0353,Ritu Khatun
CUST-0354,Ritu Jahan
CUST-0355,Ritu Chowdhury
CUST-0356,Nitu Akter
CUST-0357,Nitu Begum
CUST-0358,Nitu Khatun
CUST-0359,Nitu Jahan
CUST-0360,Nitu Chowdhury
CUST-0361,Tuli Akter
CUST-0362,Tuli Begum
CUST-0363,Tuli Khatun
CUST-0364,Tuli Jahan
CUST-0365,Tuli Chowdhury
CUST-0366,Tumpa Akter
CUST-0367,Tumpa Begum
CUST-0368,Tumpa Khatun
CUST-0369,Tumpa Jahan
CUST-0370,Tumpa Chowdhury
CUST-0371,Sampa Akter
CUST-0372,Sampa Begum
CUST-0373,Sampa Khatun
CUST-0374,Sampa Jahan
CUST-0375,Sampa Chowdhury
CUST-0376,Jhumpa Akter
CUST-0377,Jhumpa Begum
CUST-0378,Jhumpa Khatun
CUST-0379,Jhumpa Jahan
CUST-0380,Jhumpa Chowdhury
CUST-0381,Jhumur Akter
CUST-0382,Jhumur Begum
CUST-0383,Jhumur Khatun
CUST-0384,Jhumur Jahan
CUST-0385,Jhumur Chowdhury
CUST-0386,Nupur Akter
CUST-0387,Nupur Begum
CUST-0388,Nupur Khatun
CUST-0389,Nupur Jahan
CUST-0390,Nupur Chowdhury
CUST-0391,Nargis Akter
CUST-0392,Nargis Begum
CUST-0393,Nargis Khatun
CUST-0394,Nargis Jahan
CUST-0395,Nargis Chowdhury
CUST-0396,Salma Akter
CUST-0397,Salma Begum
CUST-0398,Salma Khatun
CUST-0399,Salma Jahan
CUST-0400,Salma Chowdhury
CUST-0401,Nazma Akter
CUST-0402,Nazma Begum
CUST-0403,Nazma Khatun
CUST-0404,Nazma Jahan
CUST-0405,Nazma Chowdhury
CUST-0406,Asma Akter
CUST-0407,Asma Begum
CUST-0408,Asma Khatun
CUST-0409,Asma Jahan
CUST-0410,Asma Chowdhury
CUST-0411,Reshma Akter
CUST-0412,Reshma Begum
CUST-0413,Reshma Khatun
CUST-0414,Reshma Jahan
CUST-0415,Reshma Chowdhury
CUST-0416,Shirin Akter
CUST-0417,Shirin Begum
CUST-0418,Shirin Khatun
CUST-0419,Shirin Jahan
CUST-0420,Shirin Chowdhury
CUST-0421,Nasrin Akter
CUST-0422,Nasrin Begum
CUST-0423,Nasrin Khatun
CUST-0424,Nasrin Jahan
CUST-0425,Nasrin Chowdhury
CUST-0426,Parvin Akter
CUST-0427,Parvin Begum
CUST-0428,Parvin Khatun
CUST-0429,Parvin Jahan
CUST-0430,Parvin Chowdhury
CUST-0431,Sharmin Akter
CUST-0432,Sharmin Begum
CUST-0433,Sharmin Khatun
CUST-0434,Sharmin Jahan
CUST-0435,Sharmin Chowdhury
CUST-0436,Yasmin Akter
CUST-0437,Yasmin Begum
CUST-0438,Yasmin Khatun
CUST-0439,Yasmin Jahan
CUST-0440,Yasmin Chowdhury
CUST-0441,Tahmina Akter
CUST-0442,Tahmina Begum
CUST-0443,Tahmina Khatun
CUST-0444,Tahmina Jahan
CUST-0445,Tahmina Chowdhury
CUST-0446,Fahmida Akter
CUST-0447,Fahmida Begum
CUST-0448,Fahmida Khatun
CUST-0449,Fahmida Jahan
CUST-0450,Fahmida Chowdhury
CUST-0451,Mahmuda Akter
CUST-0452,Mahmuda Begum
CUST-0453,Mahmuda Khatun
CUST-0454,Mahmuda Jahan
CUST-0455,Mahmuda Chowdhury
CUST-0456,Shahida Akter
CUST-0457,Shahida Begum
CUST-0458,Shahida Khatun
CUST-0459,Shahida Jahan
CUST-0460,Shahida Chowdhury
CUST-0461,Rashida Akter
CUST-0462,Rashida Begum
CUST-0463,Rashida Khatun
CUST-0464,Rashida Jahan
CUST-0465,Rashida Chowdhury
CUST-0466,Halima Akter
CUST-0467,Halima Begum
CUST-0468,Halima Khatun
CUST-0469,Halima Jahan
CUST-0470,Halima Chowdhury
CUST-0471,Amina Akter
CUST-0472,Amina Begum
CUST-0473,Amina Khatun
CUST-0474,Amina Jahan
CUST-0475,Amina Chowdhury
CUST-0476,Khadija Akter
CUST-0477,Khadija Begum
CUST-0478,Khadija Khatun
CUST-0479,Khadija Jahan
CUST-0480,Khadija Chowdhury
CUST-0481,Rahima Akter
CUST-0482,Rahima Begum
CUST-0483,Rahima Khatun
CUST-0484,Rahima Jahan
CUST-0485,Rahima Chowdhury
CUST-0486,Karima Akter
CUST-0487,Karima Begum
CUST-0488,Karima Khatun
CUST-0489,Karima Jahan
CUST-0490,Karima Chowdhury
CUST-0491,Saleha Akter
CUST-0492,Saleha Begum
CUST-0493,Saleha Khatun
CUST-0494,Saleha Jahan
CUST-0495,Saleha Chowdhury
CUST-0496,Maleka Akter
CUST-0497,Maleka Begum
CUST-0498,Maleka Khatun
CUST-0499,Maleka Jahan
CUST-0500,Maleka Chowdhury
CUST-0501,Zobeda Akter
CUST-0502,Zobeda Begum
CUST-0503,Zobeda Khatun
CUST-0504,Zobeda Jahan
CUST-0505,Zobeda Chowdhury
